product Names, Product Prices
Nokia G10 - 6.52" 4GB RAM 64GB ROM 13MP 5050mAh - Dark Blue, 402800
Samsung Galaxy A23 - 6.6" 4GB RAM 64GB ROM 50MP 5000mAh - Black, 738000
Infinix Smart 6 - 6.6" 2GB RAM 32GB ROM 8MP 5000mAh - Black, 580000
Tecno Spark 9 - 6.6" 4GB RAM 64GB ROM 13MP 5000mAh - Infinity Black, 493960
Infinix Smart 6 - 6.6" 2GB RAM 32GB ROM 8MP 5000mAh - Black, 340500
Tecno Camon 19 - 6.8" 4GB RAM 128GB ROM 64MP 5000mAh - Eco Black, 731400
Redmi 9 Activ 6.53" 6GB RAM 128GB ROM 13MP 5000mAh - Green, 750000
Tecno POP 6 Go 6.0" 1GB RAM 16GB ROM 5MP 4000mAh - Crystal Blue, 286200
Tecno Pop 5 Pro 4G 6.52" 2GB RAM 32GB ROM 8MP 6000mAh - Ice Blue, 385840
Samsung Galaxy M32 - 6.4" 6GB RAM 128GB ROM 64MP 6000mAh - Light Blue, 749000
Infinix Hot 12 Pro 6.6" 8GB RAM 128GB ROM 50MP 5000mAh - Black, 625000
Tecno POP 6 Go 6.0" 2GB RAM 32GB ROM 5MP 4000mAh - Star Fall Grey, 313000
Samsung Galaxy A03 Core 6.5" 2GB32GB ROM 8MP 5000mAh - Onyx Black, 359000
Samsung Galaxy A03 - 6.5" 4GB RAM 64GB ROM 48MP 5000mAh - Black, 454000
Itel A18 -  5.0" 1GB RAM 32GB ROM 5.0MP 2400mAh - Blue, 185500
Tecno Camon 19 - 6.8" 4GB RAM 128GB ROM 64MP 5000mAh - Sea Salt White, 731400
Tecno Spark 8C 6.6" 2GB RAM 64GB ROM 13MP 5000mAh - Diamond Gray, 428240
Tecno POP 6 Go 4G 6.0" 2GB RAM 32GB ROM 5MP 4000mAh - Grey, 304900
Samsung Galaxy M32 - 6.4" 6GB RAM 128GB ROM 64MP 6000mAh - Black, 749000
Samsung Galaxy A13 - 6.6" 4GB RAM 64GB ROM 50MP 5000mAh - Black, 619000
Itel A18 -  5.0" 1GB RAM 32GB ROM 5.0MP 2400mAh - Grey, 185500
Samsung Galaxy F13 6.6" 4GB 64GB ROM 50MP 6000mAh - Waterfall Blue, 555000
Tecno Spark 8C 6.6" 2GB RAM 64GB ROM 13MP 5000mAh - Cyan, 428000
Tecno Camon 19 Pro 6.8" 8GB RAM 256GB ROM 64MP 5000mAh -  Mondrian Art, 1086500
Samsung Galaxy A04s 6.5" 4GB RAM 128GB ROM 50MP 5000mAh - Black, 1200000
Airtel 4G 5.0" 1GB RAM 32GB ROM 5MP 2500mAh - Black + 1GB Free Data For 12 Months, 355400
Samsung Galaxy A03s 6.5" 3GB RAM 32GB ROM 13MP 5000mAh - Blue, 480000
Infinix Hot 12i - 6.6" 4GB RAM 64GB ROM 13MP 5000mAh - Black, 458000
Samsung Galaxy A13 - 6.6" 4GB RAM 128GB ROM 50MP 5000mAh - Black, 693000
Tecno Spark 9 Pro 6.6" 4GB RAM 128GB ROM 50MP 5000mAh - Quantum Black, 667800
Infinix Hot 12 Pro 6.6" 8GB RAM 128GB ROM 50MP 5000mAh - Green, 625000
Infinix Hot 12 Pro 6.6" 8GB RAM 128GB ROM 50MP 5000mAh - Green, 750000
Infinix Hot 12 Play 6.82'' 4GB RAM 64GB ROM 13MP 6000mAh - Black, 495000
Tecno Spark 8C 6.6" 2GB RAM 64GB ROM 13MP 5000mAh - Black, 428240
Samsung Galaxy A03 - 6.5" 4GB RAM 64GB ROM 48MP 5000mAh - Blue, 454000
Infinix Smart 6 - 6.6" 2GB RAM 32GB ROM 8MP 5000mAh - Black, 373000
Redmi Note 11E 5G 6.58" 4GB RAM 128GB 50MP 5000mAh - Mysterious Darkness, 660000
Tecno POP 6 Go 6.0" 2GB RAM 32GB ROM 5MP 4000mAh - Blue, 317820
Infinix Hot 11 Play 6.82" 4GB RAM 64GB ROM 13MP 6000mAh - Black, 478000
Itel A58 Lite 6.3" 2GB RAM 32GB ROM 5MP 4000mAh - Blue Wave, 312700
Samsung Galaxy F13 6.6" 4GB RAM 128GB ROM 50MP 6000mAh - Waterfall Blue, 609000
Samsung Galaxy M33 5G  6GB 128GB Storage - 6000mAh Battery - Green, 900000
Tecno Camon 19 Neo - 6.8" 6GB RAM 128GB ROM 48MP 5000mAh -  Ice Mirror, 1000000
Tecno POP 6 Go 6.0" 1GB RAM 16GB ROM 5MP 4000mAh - Star Fall Grey, 400000
Redmi Note 11 Pro+ 5G 6.67" 8GB RAM 256GB ROM 108MP - Black, 1200000
Samsung Galaxy A13 - 6.6" 4GB RAM 128GB ROM 50MP 5000mAh - Blue, 693000
Itel P38 - 6.6" 2GB RAM 32GB ROM 8MP 5000mAh - Blue, 359340
Redmi Note 11E 5G 6.58" 4GB RAM 128GB 50MP 5000mAh - Mint, 599000
Infinix Hot 11 Play 6.82" 4GB RAM 64GB ROM 13MP 6000mAh - Blue, 478000
Vivo Y21 - 6.51" 4GB RAM 64GB ROM 13MP 5000mAh - Diamond Glow, 700000
Tecno POP 6 - 6.1" 2GB RAM 32GB ROM 5MP 5000mAh - Deap sea, 367290
Infinix Hot 12 Play 6.82'' 4GB RAM 64GB ROM 13MP 6000mAh - Black, 495000
Infinix Hot 11 Play 6.82" 4GB RAM 128GB ROM 13MP 6000mAh -Gold, 570000
Samsung Galaxy M32 - 6.4" 4GB RAM 64GB ROM 64MP 6000mAh - Black, 699000
Tecno Camon 19 Pro 6.8" 8GB RAM 256GB ROM 64MP 5000mAh - Eco Black, 1086500
Tecno Spark 9T 6.6" 4GB RAM128GB ROM 13MP 5000mAh - Quantum Black, 606320
Redmi 9A - 6.53" 4GB RAM 128GB ROM 13MP 5000mAh -  Sky Blue, 499000
Infinix Smart 6 - 6.6" 2GB RAM 32GB ROM 8MP 5000mAh-Ocean Wave, 375000
Itel A26 5.71" 2GB RAM 32GB ROM 5MP 3020mAh - Green, 239000
Redmi 10A 6.53" 3GB RAM 64GB ROM 13MP 5000mAh - Sky Blue, 480000
Redmi Note 10 5G 6.43" 4GB RAM 128GB ROM 48MP 5000mAh - Nebula Grey, 581000
Tecno Pova Neo 6.8" 4GB RAM 64GB ROM 13MP 6000mAh - Greek Blue, 493960
Redmi 10 Power 6.7" 8GB RAM 128GB ROM 50MP 6000mAh - Black, 739000
Infinix Hot 12 Pro 6.6" 8GB RAM 128GB ROM 50MP 5000mAh - White, 625400
Samsung Galaxy F13 6.6" 4GB 128GB ROM 50MP 6000mAh - Green, 609000
Samsung Galaxy A04s 6.5" 4GB RAM 64GB ROM 50MP 5000mAh - Green, 550000
Tecno Spark 9T 6.6" 4GB RAM 128GB ROM 13MP 5000mAh -Black, 595000
Samsung Galaxy M12 - 6.5" 4GB RAM 64GB ROM 48MP 6000mAh - Blue, 527000
Samsung Galaxy A03s 6.5" 4GB RAM 64GB ROM 13MP 5000mAh - Blue, 510000
Itel P38 - 6.6" 2GB RAM 32GB ROM 8MP 5000mAh - Nebula Black, 359340
Itel P17 -  5.5" 1GB RAM 16GB ROM 5.0MP 4000mAh - Deep Gray, 400000
Itel P17 Pro 5.45" 2GB RAM 32GB ROM 5MP 4000mAh - Grey, 307400
Infinix Hot 12i - 6.6" 4GB RAM 64GB ROM 13MP 5000mAh - Black, 500000
Vivo Y22 - 6.55" 4GB RAM 64GB ROM 50MP 5000mAh + FREE Toshiba Headsets, 700000
Itel A58 - 6.6" 1GB RAM 16GB ROM 5MP 4000mAh - Sky Cyan, 276660
Redmi 10A 6.53" 4GB RAM 128GB ROM 13MP 5000mAh - Chrome Silver, 800000
Vivo Y21 - 6.51" 4GB RAM 64GB ROM 13MP 5000mAh + FREE Toshiba Headsets, 514000
Infinix Smart 6 4G - 6.6" 2GB RAM 32GB ROM 8MP 5000mAh - Black, 390000
Redmi Note 11 Pro 6.67" 8GB RAM 128GB ROM 108MP 5000mAh - Blue, 1050000
Infinix Hot 12 Play 6.82'' 4GB RAM 128GB ROM 13MP 6000mAh - Blue, 540000
Vivo Y22 - 6.55" 4GB RAM 64GB ROM 50MP 5000mAh + FREE Toshiba Headsets, 700000
Itel A58 - 6.6" 1GB RAM 16GB ROM 5MP 4000mAh - Sky Cyan, 276660
Infinix Hot 12i - 6.6" 2GB RAM 64GB ROM 13MP 5000mAh - Blue, 434600
Tecno Spark 9T 6.6" 4GB RAM 64GB ROM 13MP 5000mAh - Burano Blue, 542720
Apple iPhone 8 Plus 3GB RAM+256GB ROM Refurbished，Space Gray, 1516014
Redmi 10A 6.53" 4GB RAM 128GB ROM 13MP 5000mAh - Chrome Silver, 800000
Vivo Y21 - 6.51" 4GB RAM 64GB ROM 13MP 5000mAh + FREE Toshiba Headsets, 514000
Redmi Note 11 Pro 6.67" 8GB RAM 128GB ROM 108MP 5000mAh - Blue, 1050000
Infinix Hot 12 Play 6.82'' 4GB RAM 128GB ROM 13MP 6000mAh - Blue, 540000
Itel P38 Pro 6.8" 2GB RAM 64GB ROM 13MP 6000mAh - Blue, 440000
Redmi Note 10 Pro Max 6.67" 6GB RAM 128GB ROM 108MP - Blue, 918000
Samsung Galaxy F13 - 6.6" 4GB RAM 64GB ROM 50MP- Blue, 550000
Tecno Pova Neo 6.8" 6GB RAM 128GB ROM 13MP 6000mAh - black, 590000
Tecno Camon 17 Pro - 6.8" 8GB RAM 256GB ROM 64MP - Silver, 900000
Tecno POP 6 Go 4G 6.0" 2GB RAM 32GB ROM 5MP 4000mAh - Starfell Grey, 346620
Samsung Galaxy A32 - 6.5" 6GB RAM 128GB ROM 48MP 5000mAh - Black, 950000
Samsung Galaxy A03s 6.5" 3GB RAM 32GB ROM 13MP 5000mAh - Blue, 445000
Infinix Smart 6 Plus 6.6" 2GB RAM 32GB ROM 8MP 5000mAh - Purple, 391100
Tecno Pova Neo 6.8" 4GB RAM 64GB ROM 13MP 6000mAh - Black, 490000
Tecno POP 6 - 6.1" 2GB RAM 32GB ROM 5MP 5000mAh - Green, 353000
Tecno Camon 17 Pro - 6.8" 8GB RAM 256GB ROM 64MP - Silver, 900000
Tecno Camon 19 - 6.8" 6GB RAM 128GB ROM 64MP 5000mAh - white, 755000
Redmi Note 11 Pro+ 5G 6.67" 8GB RAM 256GB ROM 108MP -Blue, 1200000
Tecno Camon 19 - 6.8" 4GB RAM 128GB ROM 64MP 5000mAh - Eco Black, 745000
Infinix Hot 12i - 6.6" 4GB RAM 64GB ROM 13MP 5000mAh - Green, 458000
Samsung Galaxy A23 - 6.6" 6GB RAM 128GB ROM 50MP 5000mAh - Peach, 960000
Infinix Note 12 - 6.7" 8GB RAM 256GB ROM 50MP 5000mAh - Snow Fall, 980000
Redmi Note 10 Pro Max - 6.67" 6GB RAM 128GB ROM 64MP - Dark Nebula, 889000
Itel A58 - 6.6" 1GB RAM 16GB ROM 5MP 4000mAh - Black, 275000
Infinix Hot 11 Play 6.82" 4GB RAM 128GB ROM 13MP 6000mAh - Gold, 570000
Samsung Galaxy M13 - 6.6" 4GB RAM 64GB ROM 50MP - Midnight Blue, 550000
Infinix Smart 6 - 6.6" 2GB RAM 32GB ROM 8MP 5000mAh - Ocean, 375000
Infinix Smart 6 - 6.6" 2GB RAM 32GB ROM 8MP 5000mAh - Ocean wave, 375000
Tecno Pop5 - 6.1" 2GB RAM 32GB ROM 5MP 5000mAh - Black, 347000
Hisense E31 Lite 6.52" 1GB RAM 16GB ROM 8MP 4500mAh - Blue, 260000
Infinix Hot 12 Play 6.82'' 4GB RAM 64GB ROM 13MP 6000mAh - Blue, 520000
Samsung Galaxy A13 - 6.6" 4GB RAM 64GB ROM 50MP 5000mAh - Blue, 619000
Tecno Camon 19 Pro 6.8" 8GB RAM 256GB ROM 64MP 5000mAh - Black, 1095000
Hisense U963 -  5.0" 1GB RAM 8GB ROM 5MP 2000mAh - Blue, 190000
Samsung Galaxy A13 - 6.6" 4GB RAM 128GB ROM 50MP 5000mAh - Black, 730000
Samsung Galaxy M13 - 6.6" 4GB RAM 64GB ROM 50MP 5000mAh - Blue, 550000
Tecno Spark Go 2022 - 6.5" 2GB RAM 32GB ROM 13MP 5000mAh - Blue, 400000
Vivo Y15s - 6.51" 3GB RAM 32GB ROM 13MP 5000mAh - Mystic Blue, 700000
Samsung Galaxy M13 - 6.6" 4GB RAM 64GB ROM 50MP - Green, 550000
Itel A16 Plus - 1GB RAM 8GB Dual SIM 5Mp Dual Rear Camera - Phantom Black, 185000
Tecno Spark 8P 6.6" 4GB RAM 64GB ROM 50MP 5000mAh - Cyan, 549000
Redmi Note 10 Pro Max 6.67" 6GB RAM 128GB ROM 108MP - Dark Nebula, 918000
Samsung Galaxy M33 5G  6GB 128GB Storage - 6000mAh Battery - Blue, 900000
Redmi Note 10 5G 6.43" 6GB RAM 128GB ROM 48MP - Sunny Mountain Blue, 760000
Tecno Camon 19 - 6.8" 6GB RAM 128GB ROM 64MP 5000mAh - Eco Black, 769000
Vivo Y15s - 6.51" 3GB RAM 32GB ROM 13MP 5000mAh - Wave Green, 700000
Apple iPhone 6S Plus 2GB RAM 64GB ROM Refurbished Rose Gold., 709297
Tecno Pova Neo 6.8" 4GB RAM 64GB ROM 16MP 6000mAh - Black, 505000
Redmi Note 11 Pro+ 5G 6.67" 8GB RAM 256GB ROM 108MP - Mirage Blue, 1380000
Tecno Pop 5 -6.52" 2GB RAM 32GB ROM 5000Amp 8MP - blue, 365500
Infinix Note 12i 6.82" 4GB RAM 128GB ROM 50MP 5000mAh - Black, 701720
Samsung Galaxy A03 - 6.5" 3GB RAM 32GB ROM 48MP 5000mAh - Blue, 435000
Samsung Galaxy A33 5G 6.4" 8GB RAM 128GB ROM 48MP 5000mAh - Black, 1250000
Infinix Smart 6 - 6.6" 4G 2GB RAM 32GB ROM 8MP 5000mAh - Black, 395000
Redmi 9A - 6.53" 4GB RAM 64GB ROM 13MP 5000mAh -  Black, 568000
Apple iPhone 7 2GB RAM+128GB ROM Refurbished Silver, 820946
Tecno POP2 F- 5.5" 1GB RAM 16GB 5MP Camera Dual SIM - Black, 270000
Samsung Galaxy S20 Ultra 5G 6.9" 12GB RAM 128GB ROM 108MP - Black, 5000000
Infinix Note 12 Pro 6.7" 8GB RAM 256GB ROM 108MP 5000mAh - Volcanic Grey, 949000
Samsung Galaxy A53 5G 6.5" 8GB RAM 256GB ROM 48MP 5000mAh - white, 1630000
Tecno Spark 9 - 6.6" 3GB RAM 64GB ROM 13MP 5000mAh - Infinity Black, 497600
Samsung Galaxy S22 Ultra 5G 6.8" 12GB RAM 512GB ROM 108MP - Burgundy, 4930000
Oppo Reno7 5G 6.43" 8GB RAM 256GB ROM 64MP 4500mAh - Blue, 2200000
Itel A14 Plus - 4.0" 1GB RAM 8GB ROM 2.0MP 2500mAh -  Blue, 185000
Hisense H60 Lite 6.95" 4GB RAM 128GB ROM 48MP 5150mAh - Blue, 647000
Nokia G21 - 6.5" 4GB RAM 128GB ROM 50MP 5050mAh - Nordic Blue, 800000
Nokia C10 - 6.52" 2GB RAM 32GB ROM 5MP 3000mAh - Grey, 320000
Apple iPhone 8 2GB RAM+256GB ROM RefurbishedRed, 1204054
Tecno Spark Go 2022 - 6.5" 2GB RAM 32GB ROM 13MP 5000mAh - Silver, 410000
Infinix Hot 11 - 6.6" 4GB RAM 128GB ROM 13MP 6000mAh, 667800
Samsung Galaxy Note20 Ultra 5G 6.9" 12GB RAM 256GB ROM 108MP - Mystic Bronze, 3400000
Apple iPhone 7 2GB RAM+128GB ROM Refurbished Rose Gold., 820946
Nokia X20 - 6.67" 8GB RAM 256GB ROM 64MP 4470mAh - Blue, 1500000
Samsung Galaxy S8 4GB RAM 64GB ROM12MP Camera - Prism Black, 950000
Infinix Note 12 - 6.7" 8GB RAM 256GB ROM 50MP 5000mAh - Force Black, 980000
Tecno Camon 18P 6.8" 8GB RAM 128GB ROM 48MP - ceramic white, 865000
Tecno Camon 18 Premier 6.7" 8GB RAM 256GB ROM 64MP  - Sky, 1399900
Samsung Galaxy A53 5G 6.5" 8GB RAM 128GB ROM 64MP - Blue, 1500000
Tecno Pop 5 - 6.1" 2GB RAM 32GB ROM 5MP 5000mAh - Blue, 340000
Samsung Galaxy S8 Plus 6.2" 4GB RAM 64GB ROM 12MP Camera - Grey, 1200000
Samsung Galaxy A23 - 6.6" 6GB RAM 128GB ROM 50MP 5000mAh - Black, 829000
Samsung Galaxy A52 4G 6.5" 8GB RAM 128GB ROM 64MP - Blue, 1480000
DUBYMAX 43'' Android Smart FHD Frameless Tv (NetFlix)- Black, 1100000
Tecno Camon 16 Premier 6.9''128GB Rom 8GB Ram 64MP - Silver, 895000
Redmi Note 10 5G 6.5" 6GB RAM 128GB ROM 48MP 5000mAh - Blue, 780000
Redmi Note 11 - 6.43" 6GB RAM 128GB ROM 50MP 5000mAh - Blue, 799000
Samsung Galaxy A22 - 5G 6.6" 4GB RAM 128GB ROM 48MP 5000mAh - Mint, 729000
Oppo A94 5G 6.43" 8GB RAM 128GB ROM 48MP 4310mAh - Black, 1080000
Itel A25 Pro 5.0" 2GB RAM 32GB ROM 5MP 3020mAh - Blue, 267900
Samsung Galaxy A32 - 6.5" 6GB RAM 128GB ROM 48MP 5000mAh - Blue, 950000
Samsung Galaxy S22 Ultra 5G 6.8" 12GB RAM 512GB ROM 108MP - Black, 4950000
Infinix Hot 11 Play 6.82" 4GB RAM 64GB ROM 13MP 6000mAh - Blue, 480000
Infinix Hot 12 - 6.82" 4GB RAM 128GB ROM 13MP 5000mAh - Racing Black, 680000
Itel P17 -  5.5" 1GB RAM 16GB ROM 5.0MP 4000mAh - Blue, 256520
Nokia C10 - 6.52" 2GB RAM 32GB ROM 5MP 3000mAh - Grey, 280000
Infinix Smart 6 - 6.6" 2GB RAM 32GB ROM 8MP 5000mAh -cyan, 384000
Tecno POP 6 Go 6.0" 2GB RAM 32GB ROM 5MP 4000mAh - Star Fall Grey, 330000
Infinix Hot 20i 6.6" 4GB RAM 64GB ROM 13MP 5000mAh - Black, 520000
Tecno Pop 5 - 6.1" 2GB RAM 32GB ROM 5MP 5000mAh - Black, 366600
Infinix Hot 12i - 6.6" 4GB RAM 64GB ROM 13MP 5000mAh - Blue, 500000
Tecno Pop2F -  Dual SIM 5.45" 1GB RAM 16GB ROM 8MP - Black, 280000
Hisense INFINITY H50 Lite 6.55" 4GB RAM 64GB ROM 48MP 5100mAh - Black, 540000
Itel A16 Plus 5"8GB +1GB (Dual SIM) Black +Free 16GB Memory & Phone Ring, 224000
Infinix Note 11 - 6.7" 6GB RAM 128GB ROM 50MP 5000mAh - Green, 750000
Tecno Spark 8C 6.6" 3GB RAM 64GB ROM 13MP 5000mAh - Black, 500000
Redmi Note 11 Pro 6.67" 8GB RAM 128GB ROM 108MP 5000mAh - Black, 1050000
Apple iPhone 7 Plus 3GB RAM+128GB ROM RefurbishedGold., 1086932
Vivo V25e 6.44" 8GB RAM 128GB ROM 64MP 4500mAh + FREE Toshiba Headsets, 1200000
Motorola Moto G60s 6.8" 6GB RAM/128GB ROM 5000mAh 64MP -  Blue, 1359000
Redmi Note 11E 6.58" 4GB RAM 128GB ROM 50MP 5000mAh - Silver, 720000
Redmi Note 10 Pro Max 6.67" 8GB RAM 128GB ROM 108MP - Bronze, 969000
Itel P38 - 6.6" 2GB RAM 32GB ROM 8MP 5000mAh - Green, 359340
Samsung Galaxy M32 - 6.4" 6GB RAM 128GB ROM 64MP 5000mAh - Blue, 830000
Tecno Spark 9 Pro 6.6" 4GB RAM 128GB ROM 50MP 5000mAh - Black, 700000
Infinix Smart 6 4G - 6.6" 2GB RAM 32GB ROM 8MP 5000mAh - Black, 395000
Redmi 9A - 6.53" 2GB RAM 32GB ROM 13MP 5000mAh - Blue, 400000
Nokia G10 - 6.52" 4GB RAM 64GB ROM 13MP 5050mAh - Purple, 600000
Vivo Y02S  6.51" 3GB RAM 32GB ROM 8MP 5000mAh - Vibrant Blue, 425940
Samsung Galaxy S21 FE 5G 6.2" 6GB RAM 128GB ROM 64MP – Graphite, 1729000
Redmi Note 11 Pro+ 5G 6.67" 8GB RAM 256GB ROM 108MP - Black, 2550000
Tecno Spark 7 - 6.5" 3GB RAM 64GB ROM 16MP 5000mAh - Green, 532000
Samsung Galaxy S20 6.2" 8GB RAM 128GB ROM 64MP - Grey, 4500000
Samsung Galaxy A73 5G 6.7" 8GB RAM 128GB ROM 108MP 5000mAh - Grey, 1780000
Samsung Galaxy A23 - 6.6" 4GB RAM 128GB ROM 50MP 5000mAh - white, 860000
Redmi Note 11S 6.43" 6GB RAM 128GB ROM 108MP 5000mAh - Black, 840000
Samsung Galaxy M12 - 6.5" 4GB RAM 64GB ROM 48MP 6000mAh - Black, 527000
Vivo Y93 - 6.2" 6GB RAM 128GB ROM 13MP 4030mAh - Black, 540000
Apple iPhone 8 Plus 3GB RAM+64GB ROM RefurbishedSilver, 1362770
Hisense U40 - Smartphone 16GB HDD 1GB RAM 5.7" - BLUE, 229000
Hisense E60 Lite 6.52" 2GB RAM 64GB ROM 13MP 4550mAh - Black, 415000
Tecno Spark 7 6.52" 4GB RAM 64GB ROM 48MP 5000mAh -green, 589900
Samsung Galaxy S21 Ultra 5G 6.8" 12GB RAM 256GB ROM 108MP - Black, 3900000
Samsung Galaxy A13 - 6.6" 4GB RAM 128GB ROM 50MP 5000mAh - Peach, 780000
One Plus Nord N20 SE 6.56" 4GB RAM 64GB ROM 50MP 5000mAh - Black, 780000
Tecno POP 5 Dual-Sim 6.1" 2GB RAM and 32GB ROM 8MP-5000mAhBlack, 369000
Samsung Galaxy A53 5G 6.5" 8GB RAM 128GB ROM 48MP 5000mAh - Peach, 1450000
Infinix Hot 11 Play 6.82" 4GB RAM 64GB ROM 13MP 6000mAh - Blue, 478000
Samsung Galaxy A13 - 6.6" 4GB RAM 64GB ROM 50MP 5000mAh - White, 730000
Tecno Spark 9 - 6.6" 4GB RAM 64GB ROM 13MP 5000mAh - Black, 510000
Tecno Camon 18 Premier 6.7" 8GB RAM 256GB ROM 64MP 4750mAh - Multi, 1499000
Samsung Galaxy F13 - 6.6" 4GB RAM 64GB ROM 50MP 6000mAh - Blue, 550000
Redmi Note 11E 6.58" 4GB RAM 128GB ROM 50MP 5000mAh - Gray, 720000
Tecno Spark 9 - 6.6" 3GB RAM 64GB ROM 13MP 5000mAh - Infinity Black, 520000
Tecno Camon 19 - 6.8" 4GB RAM 128GB ROM 64MP 5000mah Black/ Blue, 740000
Infinix Smart 6 4GLTE - 6.6" 2GB RAM 32GB ROM 8MP 5000mAh - Ocean, 448900
Infinix Note 12i 6.82" 4GB RAM 128GB ROM 50MP 5000mAh - Black, 680000
Samsung Galaxy A03s 6.5" 3GB RAM 32GB ROM 13MP 5000mAh - Black, 468000
Oppo A96 - 6.59" 8GB RAM 256GB ROM 50MP 5000mAh - Black, 1280000
Samsung Galaxy A53 5G 6.5" 8GB RAM 128GB ROM 48MP 5000mAh - Black, 1399000
Motorola Moto G8  6.4" 4GBRAM 64GBROM 5000mAh 16MP  - Blue, 659000
Tecno POP 6 Go 4G 6.0" 2GB RAM 32GB ROM 5MP 4000mAh - Starfell Grey, 330000
Tecno Pop 2F- 5.5" 16GB ROM 1GB RAM 5MP - Black, 270000
Apple iPhone 8 Plus 3GB RAM+256GB ROM RefurbishedSilver, 1532432
Samsung Galaxy A73 5G 6.7" 8GB RAM 128GB ROM 108MP 5000mAh - Grey, 1780000
Htc Desire 10 Pro 5.5" 64GB 4GB RAM 20MP Camera - Polar White, 685000
Htc Desire 10 Pro 5.5" 64GB 4GB RAM 20MP Camera - Polar White, 685000
Tecno POP 6 - 6.1" 2GB RAM 32GB ROM 5MP 5000mAh - Lime Green, 375000
Infinix Hot 12 Play 6.82'' 4GB RAM 64GB ROM 13MP 5000mAh - Green, 520000
Huawei Nova 8i 6.67" 8GB RAM 128GB ROM 64MP 4300mAh - Silver, 1120000
Vivo Y02  6.51" 2GB RAM 32GB ROM 5000mAh - Cosmic Grey 4G, 343000
Samsung S8 5.8" 4GB RAM 64GB HDD 12MP Camera - Black, 950000
Samsung Galaxy A73 5G 6.7" 8GB RAM 256GB ROM 108MP 5000mAh - Gray, 2100000
Hisense E60 - 6.95" 4GB RAM 64GB ROM 16MP 5150mAh - Black, 570000
Tecno POP 6 - 6.1" 2GB RAM 32GB ROM 5MP 5000mAh - Blue, 355000
Tecno Pop 5 - 6.1" 2GB RAM 32GB ROM 5MP 5000mAh - Blue, 340000
Samsung Galaxy A13 - 6.6" 6GB RAM 128GB ROM 50MP 5000mAh - Blue, 790000
Apple iPhone 8 Plus 3GB RAM+64GB ROM Refurbished Space Gray, 1362770
Samsung Galaxy S22 5G 6.1" 8GB RAM 256GB ROM 50MP 3700mAh - Black, 3000000
Tecno Spark Go 2022 - 6.5" 2GB RAM 32GB ROM 13MP 5000mAh - Cyan, 400000
Huawei P40 lite 6.4" 6GB RAM 128GB ROM 48MP 4200mAh - Green, 1040000
Samsung Galaxy A03 Core 6.5" 2GB RAM 32GB ROM 8MP 5000mAh - Black, 440000
Apple iPhone 8 Plus 3GB RAM+64GB ROM RefurbishedRed, 1362770
Tecno Original Camon 17 Pro - 6.8" 8GB RAM 256GB ROM 64MP - Silver, 1080000
Hisense H50 Zoom 6.53" 6GB RAM 128GB ROM 48MP 4020mAh - Black, 742000
Samsung Galaxy Note20 6.7" 8GB RAM 256GB ROM 64MP - Bronze, 2670000
Samsung Galaxy S22 Ultra 5G 6.8" 12GB RAM 256GB ROM 108MP - White, 4100000
Samsung Galaxy A53 5G 6.5" 8GB RAM 128GB ROM 64MP - Black, 1500000
Itel S17 - 6.6" 1GB RAM 16GB ROM 8MP 5000mAh -Black, 310000
Vivo Y35  6.58" 8GB RAM 128GB ROM 50MP 5000mAh - Agate Black, 1300000
Infinix Hot 12i - 6.6" 4GB RAM 64GB ROM 13MP 5000mAh - Blue/black, 525000
Samsung Galaxy M52 5G 6.7" 8GB RAM 128GB ROM 64MP 5000mAh - White, 1325000
Oppo A77 - 6.56" 4GB RAM 128GB ROM 48MP 5000mAh - Black, 970000
Oppo A54 - 6.51" 4GB RAM 128GB ROM 16MP 5000mAh - Negro, 820000
Tecno Pop 2F- 5.5" 16GB ROM 1GB RAM 5MP + 8MP - Midnight Black, 275000
Huawei P30 lite 6.15" 4GB RAM 128GB ROM 48MP 3340mAh - Black, 1200000
Tecno Pop 2F- 5.5" 16GB ROM 1GB RAM 5MP 2400mAh -Black, 280000
One Plus Nord CE 2 Lite 5G 6.59" 6GB RAM 128GB ROM 64MP - Black, 1090000
Redmi Note 11 Pro+ 5G 6.67" 6GB RAM 128GB ROM 108MP 5000mAh - Black, 1150000
Redmi Note 11E 6.58" 6GB RAM 128GB ROM 50MP 5000mAh - Blue, 780000
Tecno Camon 19 Pro 6.8" 8GB RAM 256GB ROM 64MP 5000mAh -  Mondrian Art, 1150000
Samsung Galaxy M13 - 6.6" 6GB RAM 128GB ROM 50MP 5000mAh - Blue, 840000
LG K42 6.6"  4GB RAM 64GB ROM 13MP 4000mAh - Green, 858500
Tecno POP 6 Go 6.0" 1GB RAM 16GB ROM 5MP 4000mAh - Star Fall Grey, 289000
Huawei Nova 8i 6.67" 8GB RAM 128GB ROM 64MP 4300mAh - Silver, 1120000
Redmi Note 10 5G 6.5" 6GB RAM 128GB ROM 48MP 5000mAh - Green, 760000
Infinix Note 10 Pro - 6.95" 8GB RAM 128GB ROM 64MP 5000mAh - Black, 1111000
Samsung Galaxy A33 5G 6.4" 6GB RAM 128GB ROM 48MP 5000mAh - Blue, 1150000
Tecno Camon 19 Pro 5G 6.8" 8GB RAM 256GB ROM 64MP 5000mAh - Black, 1420000
Tecno Spark 8C 6.6" 3GB RAM 64GB ROM 13MP 5000mAh - Diamond Gray, 500000
Tecno Pova Neo 6.8"4G LTE 4GB + 64GB ROM 13MP 6000mAh - black, 567800
SmartWatch GT08 New 2.0 Version Wearables Smart Watch - Gold HT, 111879
Samsung Galaxy A32 - 6.5" 6GB RAM 128GB ROM 48MP 5000mAh - Black, 950000
Tecno Camon 18 Premier 6.7" 8GB RAM 256GB ROM 64MP 4750mAh - Vasty, 1000000
Oppo A95 - 6.43" 8GB RAM 128GB ROM 48MP 5000mAh - Black, 1100000
Vivo Y02  6.51" 2GB RAM 32GB ROM 5000mAh - Orchid Blue 4G, 343000
Nokia X10 - 6.67" 6GB RAM 128GB ROM 48MP 4470mAh - Green, 1180000
Samsung Galaxy A23 - 6.6" 6GB RAM 128GB ROM 50MP 5000mAh - Blue, 950000
One Plus Nord N20 SE 6.56" 4GB RAM 64GB ROM 50MP 5000mAh - Black, 780000
Google Pixel 4a 5G 6.2" 6GB RAM 128GB ROM 16MP 3885mAh  - black, 2438000
Samsung Galaxy A03s 6.5" 4GB RAM 64GB ROM 13MP 5000mAh - Black, 590000
Samsung Galaxy A53 5G 6.5" 128G + 8GB RAM (Dual SIM) 5000mAh - Awesome Blue, 1590000
Redmi Note 11T 5G 6.6" 8G RAM 128GB ROM 50MP 5000mAh - Black, 1050000
Samsung Galaxy A53 5G 6.5" 8GB RAM 256GB ROM 48MP 5000mAh - White, 1630000
Redmi Note 11 Pro+ 5G 6.67" 8GB RAM 128GB ROM 108MP - Phantom White, 1200000
Apple iPhone 8 2GB RAM+64GB ROM RefurbishedGold, 1056284
Samsung Galaxy A73 5G 6.7" 8GB RAM 256GB ROM 108MP 5000mAh - Blue, 1990000
Redmi Note 11 Pro 6.67" 6GB RAM 128GB ROM 108MP 5000mAh - Black, 1030000
Oppo A16 - 6.52" 4GB RAM 64GB ROM 13MP 5000mAh - Pearl Blue, 730000
Tecno Spark 9T 6.6" 4GB RAM 128GB ROM 13MP 5000mAh - Quantum Black, 642000
Itel A33 Plus - 5.0" 1GB RAM 32GB ROM 5MP 3020mAh - Blue, 240000
XIAOMI Redmi Note 11 Pro Dual SIM 8GB RAM 128GB 4G LTE - Gray, 1330000
Samsung Galaxy S22+ 5G 6.6" 8GB RAM 256GB ROM 50MP 4500mAh - White, 3880000
Samsung Galaxy A53 5G 6.5" 8GB RAM 128GB ROM 64MP - Black, 2100000
Tecno Camon 17 Pro - 6.8" 8GB RAM 256GB ROM 64MP - Ice silver, 980000
Samsung Galaxy F12 - 6.5" 4GB RAM 64GB ROM 48MP 6000mAh - Green, 630000
XIAOMI Poco C3 - 6.43" 4GB RAM 64GB ROM 13MP - Lime Green, 570000
Redmi Note 11 Pro+ 5G 6.67" 8GB RAM 128GB ROM 108MP - Phantom White, 1200000
Samsung Galaxy S20+ - 6.7" 8GB RAM 128GB ROM 64MP - Black, 4000000
Itel S17 - 6.6" 1GB RAM 16GB ROM 8MP 5000mAh - Deep Ocean Black, 309000
Samsung Galaxy S22+ 5G 6.6" 8GB RAM 256GB ROM 50MP 4500mAh - Black, 3400000
Samsung Galaxy A11 6.4" 2GB RAM 32GB ROM 13MP - Black, 750000
Samsung Galaxy Z Fold4 7.6" 12GB RAM 256GB ROM 50MP 4400mAh - GrayGreen, 5500000
Samsung Galaxy M13 - 6.6" 6GB RAM 128GB ROM 50MP 5000mAh - Blue, 840000
Infinix Hot 11 - 6.6" 4GB RAM 64GB ROM 13MP 5200mAh - Silver wave, 510000
Samsung Galaxy A73 5G 6.7" 8GB RAM 256GB ROM 108MP 5000mAh - Grey, 1990000
Tecno Camon 18 Premier 6.7" 8GB RAM 256GB ROM 64MP 4750mAh - colour may vary, 1700000
Realme 6 - 6.5" 4GB RAM 64GB ROM 64MP 4300mAh - Blue, 900000
Infinix Smart 6 4G - 6.6" 2GB RAM 32GB ROM 8MP - Black, 449000
Vivo Y02S  6.51" 3GB RAM 32GB ROM 8MP 5000mAh - Fluorite Black, 425940
Infinix Note 12 - 6.7" 8GB RAM 128GB ROM 50MP 5000mAh - Snowfall, 860000
Tecno Spark 7 6.52" 4GB RAM 64GB ROM 48MP 5000mAh -Black, 589900
Vivo V25e 6.44" 8GB RAM 128GB ROM 64MP 4500mAh - Black, 1290000
Itel S17 - 6.6" 1GB RAM 16GB ROM 8MP 5000mAh - Blue, 318000
XIAOMI Poco C3 - 6.43" 4GB RAM 64GB ROM 13MP - Black, 570000
Redmi Note 11E 6.58" 6GB RAM 128GB ROM 50MP 5000mAh - Gray, 780000
Redmi Note 10 5G 6.5" 6GB RAM 128GB ROM 48MP 5000mAh - Blue, 888800
One Plus Nord 2 5G 6.43" 8GB RAM 128GB ROM 50MP 4500mAh - Haze Blue, 1450000
Infinix Note 12 VIP 6.7" 8GB RAM 256GB ROM 108MP 4500mAh - Black, 1400000
Oppo Reno6 5G 6.43" 8GB RAM 128GB ROM 64MP 4300mAh - Aurora, 1850000
Motorola One Fusion 6.5" 4GB RAM 128GB ROM 48MP - Deep Sapphire, 995000
Infinix Smart 6 - 6.6" 2GB RAM 32GB ROM 8MP 5000mAh - Cyan, 381000
Nothing Phone 1 6.55" 8GB RAM 256GB ROM 50MP 4500mAh - Black, 2300000
Samsung Galaxy S20+ - 6.7" 8GB RAM 128GB ROM 64MP - Gray, 3500000
Tecno Pop 5 Pro 6.52" 2GB RAM 32GB ROM 8MP - Turquoise Cyan, 410000
Redmi 10 Power 6.7" 8GB RAM 128GB ROM 50MP 6000mAh - Sporty Orange, 727000
Tecno Spark 7 - 6.5" 4GB RAM 64GB ROM 16MP 5000mAh - Green, 579900
XIAOMI Poco C3 - 6.43" 4GB RAM 64GB ROM 13MP 5000mAh - Blue, 570000
Tecno Spark 8C 6.6" 2GB RAM 64GB ROM 13MP 5000mAh - Black, 440000
Apple iPhone 8 2GB RAM+256GB ROM RefurbishedGold, 1204054
Tecno Spark Go 2022 6.52" 2GB RAM 32GB ROM 13MP - Black, 458900
Redmi 9A - 6.53" 4GB RAM 64GB ROM 13MP 5000mAh -  Sky Blue, 520000
Redmi 9A Sport 6.53" 2GB RAM 32GB ROM 13MP 5000mAh - Black, 475000
Tecno Official Store Tecno Spark 9 Pro 6.6" - Quantum Black, 701000
Itel A16 Plus 5.0" 1GB RAM 8GB ROM 5MP 2050mAh - Black, 194900
Apple iPhone 8 Plus 3GB RAM+64GB ROM RefurbishedGold, 1362770
Samsung Galaxy A33 5G 6.4" 8GB RAM 128GB ROM 48MP 5000mAh - Blue, 1250000
Samsung Galaxy A52 4G 6.5" 8GB RAM 128GB ROM 64MP 4500mAh - Black, 1480000
Samsung Galaxy S21 FE 5G 6.2" 8GB RAM 256GB ROM 64MP - Graphite, 2480000
Tecno POP 6 Go 6.0" 2GB RAM 32GB ROM 5MP 4000mAh - Purple, 340000
Tecno Camon 19 - 6.8" 4GB RAM 128GB ROM 64MP 5000mAh -  White, 760000
Mi Poco X4 Pro 5G 6.67" 8GB RAM 256GB ROM 108MP 5000mAh -  Blue, 1380000
Samsung Galaxy M13 - 6.6" 6GB RAM 128GB ROM 50MP 5000mAh - Orange, 840000
Apple iPhone 8 2GB RAM+64GB ROM RefurbishedSpace Gray, 1056284
Itel A56 PRO 6.0" 2GB RAM 32GB ROM 4000mAh Black, 350000
Huawei P40 Pro 6.58" 8GB RAM 256GB ROM 50MP - Silver Frost, 3190000
Huawei P40 Pro 6.58" 8GB RAM 256GB ROM 50MP - Silver Frost, 3190000
Motorola Edge 20 8gb Ram 128gb Rom 6.7'' Dual Sim Android 12 400mah 108MP - Dream White, 1900000
Samsung Galaxy A03 - 6.5" 2GB RAM 32GB ROM 48MP 5000mAh - Blue, 495000
XIAOMI Redmi Note 10 Pro Dual SIM 6GB RAM 128GB International Version - Onyx Gray, 1150000
Tecno Spark 9 Pro 6.6" 4GB RAM 128GB ROM 50MP 5000mAh - Black, 700000
Redmi Note 11S 6.43" 6GB RAM 128GB ROM 108MP 5000mAh - Blue, 840000
Hisense U40 Lite 5.0" 1GB RAM 8GB ROM 5MP 2000mAh - Blue, 265000
Redmi Note 11 Pro+ 5G 6.67" 8GB RAM 128GB ROM 108MP - Black, 1200000
Tecno Camon 18 Premier 6.7" 8GB RAM 256GB ROM 64MP 4750mAh - Vasty, 1488000
XIAOMI Redmi Note 11 Pro Dual SIM 8GB RAM 128GB 4G LTE International Version - Gray, 1330000
Redmi Note 10 5G 6.5" 4GB RAM 128GB ROM 48MP 5000mAh - Bamboo azurite, 599000
Vivo Y16  6.51" 4GB RAM 64GB ROM 13MP 5000mAh - Freezing Gold, 533000
Realme X2 Pro 6.5" 8GB RAM 128GB ROM 64MP - Neptune Blue, 1700000
Mi Poco X4 Pro 5G 6.67" 8GB RAM 256GB ROM 108MP 5000mAh -  Blue, 1380000
Huawei Y9A 6.63" 8GB RAM 128GB ROM 64MP 4300mAh - Silver, 1050000
Apple iPhone 8 2GB RAM+256GB ROM Refurbished，Silver, 1204054
Tecno Spark 9 Pro 6.6" 4GB RAM 128GB ROM 50MP 5000mAh - Holy White, 850000
Itel P15 - 5.0" 2GB RAM 16GB ROM 5MP 4000mAh - Blue, 368500
Apple iPhone 7 Plus 3GB RAM+128GB ROM RefurbishedSilver, 1149324
Mi 11 Ultra 5G 6.81" 12GB RAM 512GB ROM 50MP 5000mAh - Black, 3880000
Hisense H50 Lite 6.55" 4GB RAM 64GB ROM 48MP 5100mAh - Black, 665000
Samsung Galaxy S22 Ultra 5G 6.8" 12GB RAM 512GB ROM 108MP - Green, 4950000
Samsung Galaxy A32 - 6.5" 6GB RAM 128GB ROM 48MP 5000mAh - Violet, 960000
Redmi Note 10 Pro - 6.67" 6GB RAM 128GB ROM 64MP 5020mAh - Bronze, 980000
Vivo Y16  6.51" 4GB RAM 64GB ROM 13MP 5000mAh - Black, 533000
Itel A33 Plus - 5.0" 1GB RAM 16GB ROM 5MP 3020mAh - Blue, 240000
Infinix Hot 12 Play 6.82'' 4GB RAM 64GB ROM 13MP 6000mAh - Blue, 577700
Apple iPhone 8 2GB RAM+64GB ROM Refurbished，Red, 1086932
Infinix Note 12i 6.82" 4GB RAM 128GB ROM 50MP 5000mAh - Green, 740000
Samsung Galaxy A33 5G 6.4" 6GB RAM 128GB ROM 48MP 5000mAh - Peach, 1150000
Tecno Camon 18 Premier 6.7" 8GB RAM 256GB ROM 64MP 4750mAh - Sky, 1000000
Infinix Hot 11 Play 6.82" 4GB RAM 64GB ROM 13MP 6000mAh - Gold, 580000
Mi 11 Ultra 6.81" 12GB RAM 512GB ROM 50MP 5000mAh - White, 3880000
Tecno Spark 8C 6.6" 2GB RAM 64GB ROM 13MP 5000mAh - Iris Purple, 470000
Redmi Note 5A 5.5" 4GB RAM 64GB ROM 13MP 3080mAh - Grey, 395000
Tecno Spark 8C 6.6" 2GB RAM 64GB ROM 13MP 5000mAh - Diamond Grey, 450000
Redmi 9A - 6.53" 2GB RAM 32GB ROM 13MP 5000mAh - Blue, 450000
Google Pixel 4a 5G - Android Smartphone - 6GB 128 GB  - Black, 2399900
Huawei Nova 8i 6.67" 6GB RAM 128GB ROM 64MP 4300mAh - Black, 1095000
Samsung Galaxy S22 Ultra 5G 6.8" 12GB RAM 256GB ROM 108MP - Burgundy, 4100000
Infinix Note 11 - 6.7" 4GB RAM 128GB ROM 13MP 5000mAh - Black, 790000
Apple iPhone 8 2GB RAM+64GB ROM RefurbishedSilver, 1056284
Infinix Smart 6 Plus 6.6" 2GB RAM 32GB ROM 8MP 5000mAh - Black, 440000
Redmi Note 10 5G 6.5" 6GB RAM 128GB ROM 48MP 5000mAh - Silver, 780000
Oppo Reno6 5G 6.43" 8GB RAM 128GB ROM 64MP 4300mAh - Purple, 1850000
Samsung Galaxy A33 5G 6.4" 8GB RAM 128GB ROM 48MP 5000mAh - Peach, 1250000
Samsung Galaxy A33 5G 6.4" 6GB RAM 128GB ROM 48MP 5000mAh - Blue, 1250000
XIAOMI Redmi 10 6.5'' Inches 4+128GB 50MP Rear Camera 4G Smartphone - Grey, 930000
Samsung Galaxy A53 5G Dual SIM 6.5" 128G 8GB RAM International Version - Awesome Blue, 1590000
Tecno Pop 5 Pro 6.52" 2GB RAM 32GB ROM 8MP 6000mAh - Blue, 410000
Samsung Galaxy A33 5G 6.4" 8GB RAM 128GB ROM 48MP 5000mAh - Blue, 1250000
Hisense Infinity H60 Lite 6.95" 4GB RAM 128GB ROM 48MP 5150mAh - Blue, 805000
Apple iPhone 8 Plus 3GB RAM+256GB ROM RefurbishedGold, 1516014
Apple iPhone 8 2GB RAM+256GB ROM Refurbished Space Gray, 1215000
Oppo A96 - 6.59" 8GB RAM 256GB ROM 50MP 5000mAh - Blue, 1280000
Google Pixel 5a 5G 6.34" 6GB RAM 128GB ROM 12MP 4680mAh - Black, 2300000
Infinix Hot 11 - 6.6" 4GB RAM 128GB ROM 50MP 6000mAh - Black, 700000
Samsung Galaxy M33 -  6.6" 8GB RAM 128GB ROM 50MP 6000mAh - Blue, 1155000
Samsung Galaxy S20 FE 6.5" 8GB RAM 128GB ROM 12MP - Red, 1750000
XIAOMI Redmi Note 11 Dual SIM 6GB RAM 128GB International Version - Gray, 1050000
Huawei Nova 8i 6.67" 8GB RAM 128GB ROM 64MP 4300mAh - Black, 1120000
XIAOMI Poco M4 Pro 5G Dual SIM Power Black 4GB RAM 64GB Global Version - Black, 940000
Tecno Spark 9T 6.6" 4GB RAM 64GB ROM 13MP 5000mAh - Black, 568000
Redmi Note 10 Pro - 6.67" 6GB RAM 128GB ROM 64MP 5020mAh - Dark Night, 980000
Mi 11X 5G 6.67" 8GB RAM 128GB ROM 48MP 4520mAh - Black, 1500000
Infinix Hot 11 - 6.6" 4GB RAM 128GB ROM 50MP 6000mAh -Black, 700000
Samsung Galaxy M52 5G 6.7" 8GB RAM 128GB ROM 64MP 5000mAh - Black, 1230000
Samsung Galaxy Z Fold4 7.6" 12GB RAM 512GB ROM 50MP 4400mAh - Black, 6050000
Android And IOS Wired Earphones With Good Sound-White, 25000
Redmi Note 10 Pro - 6.67" 8GB RAM 128GB ROM 64MP 5020mAh - Blue, 1100000
Samsung Galaxy Z Fold4 7.6" 12GB RAM 256GB ROM 50MP 4400mAh - Black, 5500000
Samsung Galaxy M52 5G 6.7" 8GB RAM 128GB ROM 64MP 5000mAh - Black, 1230000
Motorola Edge 22i XT2239 2GB Ram 32GB Rom 6.5'' - Graphite Grey, 650000
Samsung Galaxy Z Flip4 6.7" 8GB RAM 256GB ROM 12MP 3700mAh - Purple, 3900000
Tecno Camon 19 - 6.8" 4GB RAM 128GB ROM 64MP 5000mAh - white, 899900
Motorola G224GBRAM/128GB ROM 5000mAh 6.5" 50MP  - Black, 1201100
Itel A58 Lite 6.3" 1GB RAM 16GB ROM 5MP 4000mAh - Blue Wave, 295000
Samsung Galaxy Z Flip4 6.7" 8GB RAM 256GB ROM 12MP 3700mAh - Graphite, 3900000
Samsung Galaxy Z Flip4 6.7" 8GB RAM 128GB ROM 12MP 3700mAh - Purple, 3600000
Samsung Galaxy A22 - 6.6" 6GB RAM 128GB ROM 48MP 5000mAh - Violet, 885000
Samsung Galaxy A22 - 6.6" 6GB RAM 128GB ROM 48MP 5000mAh - Violet, 885000
Samsung Galaxy S20 FE 6.5" 8GB RAM 128GB ROM 12MP -Cloud, 1750000
Mi 10 Lite 5G 6.57" 6GB RAM 128GB ROM 48MP 4160mAh - White, 1180000
Hisense E60 Lite 6.52" 2GB RAM 64GB ROM 13MP 4500mAh - Black, 535000
Wired Earphones For Phone  With Good Sound-White, 35000
Tecno Camon 19 - 6.8" 4GB RAM 128GB ROM 64MP 5000mAh -  Green, 888000
Itel A58 - 6.6" 1GB RAM 16GB ROM 5MP 4000mAh - Green, 290000
Samsung Galaxy A03 - 6.5" 2GB RAM 32GB ROM 48MP 5000mAh - Red, 570000
Samsung Galaxy M32 5G - 6.4" 6GB RAM 128GB ROM 48MP 5000mAh - Black, 1050000
Redmi Note 11 Pro 6.67" 8GB RAM 128GB ROM 108MP 5000mAh - Gray, 1170000
Oppo Reno7 5G 6.43" 8GB RAM 256GB ROM 64MP 4500mAh - Black, 2200000
Redmi Note 10 5G 6.5" 6GB RAM 128GB ROM 48MP 5000mAh - Black, 888000
Huawei P40 Pro 6.58" 8GB RAM 256GB ROM 50MP 4200mAh - Black, 3190000
XIAOMI Redmi Note 11 Dual SIM 6GB RAM 128GB  - Gray, 1050000
Itel A58 - 6.6" 1GB RAM 16GB ROM 5MP 4000mAh - Cyan, 323000
Infinix Note 11 - 6.7" 4GB RAM 64GB ROM 50MP 5000mAh - snow, 720000
Samsung Galaxy A53 5G 6.5" 8GB RAM 128GB ROM 48MP 5000mAh - Blue, 1450000
Tecno Spark 9T 6.6" 4GB RAM128GB ROM 13MP 5000mAh - Burano Blue, 610000
Redmi 9A RAM 2GB ROM 32GB 6.53" HD 13MP Rear Camera - blue, 420000
Tecno Pova Neo 6.8"4G LTE 4GB + 64GB ROM 13MP 6000mAh - BLUE, 563400
One Plus Nord CE 2 Lite 5G 6.59" 8GB RAM 128GB ROM 64MP 5000mAh - Black, 1250000
Samsung Galaxy A32 - 6.5" 6GB RAM 128GB ROM 48MP 5000mAh - White, 980000
Samsung Galaxy Z Flip3 5G 6.7" 8GB RAM 128GB ROM 12MP - Cream, 2810000
Samsung Galaxy S22 Ultra 5G 6.8" 12GB RAM 256GB ROM 108MP - Black, 4100000
Samsung Galaxy M52 5G 6.7" 8GB RAM 128GB ROM 64MP 5000mAh - Black, 1230000
XIAOMI Poco X4 Pro 5G 6.67" 8GB RAM 256GB ROM 108MP 5000mAh - Blue, 1380000
Motorola Moto G41 6.4" 6GB RAM 128GB ROM 48MP - Zinc Silk, 1250400
Smart Watch Bluetooth A1 Smart Wristband With Sport Pedometer Camera SIM Micro SD Memory Connectivity With IPhone Android Phone HT, 104282
Tecno Pop 5 Pro 6.52" 2GB RAM 32GB ROM 8MP - Deepsea Luster, 430000
H2 Silver Waterproof Smart Watch Sport Bracelet Fitness Heart Detection Sleep, 138392
Samsung Galaxy A03s 6.5" 3GB RAM 32GB ROM 13MP 5000mAh - Black, 580000
Samsung Galaxy M13 - 6.6" 6GB RAM 128GB ROM 50MP 5000mAh - Black, 840000
Infinix Hot 12i - 6.6" 4GB RAM 64GB ROM 13MP 5000mAh - Blue/Black, 525000
Samsung Galaxy S21 FE 5G 6.2" 8GB RAM 128GB ROM 64MP - Lavender, 2300000
One Plus 10 Pro 6.7" 12GB RAM 256GB ROM 50MP 5000mAh - Black, 2900000
Samsung Galaxy A31 6.4" 4GB RAM 64GB ROM 48MP - Black, 1500000
One Plus Ace Pro 5G 6.7" 16GB RAM 256GB ROM 50MP 4800mAh - Black, 2850000
Motorola Moto G7 6.2" 4GB RAM 64GB ROM 16MP - Black, 825000
Htc 10 EVO (Bolt) - 5.50" 32GB 3GB RAM 16MP Camera Waterproof- Silver, 657000
Samsung Galaxy S20 - 6.2" 8GB RAM 128GB ROM 64MP - Black, 4500000
Samsung Galaxy S22 Ultra 5G 6.8" 8GB RAM 128GB ROM 108MP - White, 4280000
Samsung Galaxy A53 5G 6.5" 6GB RAM 128GB ROM 48MP 5000mAh - Black, 1430000
Samsung Galaxy Z Flip3 5G 6.7" 8GB RAM 256GB ROM 12MP - Cream, 2990000
Htc One M9 - 5" 3GB RAM 32GB 20MP Camera - Gold, 575020
XIAOMI Poco M4 Pro 5G Dual SIM Power Black 4GB RAM 64GB International Version - Black, 940000
Samsung Galaxy A23 - 6.6" 4GB RAM 64GB ROM 50MP 5000mAh - Blue, 810000
Google Pixel 4a 5.81" 6GB RAM 128GB ROM 12MP 3140mAh - Black, 1850000
Redmi Note 11E 6.58" 4GB RAM 128GB ROM 50MP 5000mAh - Blue, 720000
Samsung A32  6.5" 6GB RAM 128GB ROM 48MP 5000mAh - Blue, 945000
Motorola One Macro 4GB RAM 64GB ROM6.2'' Dual SIM - Gradient Blue, 949000
Oppo A16K 6.52" 4GB RAM 64GB ROM 13MP 4230mAh - Blue, 740000
Redmi Note 10 5G 6.5" 6GB RAM 128GB ROM 48MP 5000mAh - Blue, 780000
Samsung Galaxy A02 - 6.5" 3GB RAM 32GB ROM 13MP 5000mAh - Black, 540000
XIAOMI Poco X4 Pro 5G 6.67" 8GB RAM 256GB ROM 108MP 5000mAh - Blue, 1380000
Mi 11 Lite 5G NE 6.55" 6GB RAM 128GB ROM 64MP 4250mAh - Black, 1100000
DZ09 SmartWatch New 2.0 Version Wearables Smart Watch - Gold HT, 113415
Samsung Galaxy A02 - 6.5" 3GB RAM 64GB ROM 13MP 5000mAh - Blue, 560000
Samsung Galaxy M52 5G 6.7" 6GB RAM 128GB ROM 64MP 5000mAh - Black, 1560000
One Plus Nord 2 5G 6.43" 8GB RAM 128GB ROM 50MP 4500mAh - Grey, 1450000
Motorola Moto e20 32GB ROM 2GB RAM- Graphite Grey, 625000
Samsung Galaxy A32 4G - 6.5" 6GB RAM 128GB ROM 64MP 5000mAh - Blue, 970000
Tecno Spark 7 - 6.5" 4GB RAM 64GB ROM 16MP 5000mAh - black, 589000
Samsung Galaxy A13 - 6.6" 6GB RAM 128GB ROM 50MP 5000mAh - Black, 790000
Redmi Note 10T 5G 6.5" 4GB RAM 64GB ROM 48MP 5000mAh - Green, 870000
Huawei P40 lite 6.4" 6GB RAM 128GB ROM 48MP 4200mAh - Black, 1040000
Tecno Camon 19 - 6.8" 4GB RAM 128GB ROM 64MP 5000mAh - Sea Salt White, 928300
Infinix Hot 12i - 6.6" 2GB RAM 64GB ROM 13MP 5000mAh - Black, 470000
Redmi 9A RAM2GB ROM32GB 6.53" HD 13MP Rear Camera - Graphite gray, 430000
Huawei Y9A 6.63" 8GB RAM 128GB ROM 64MP 4300mAh - Silver, 1050000
Tecno Spark 9T 6.6" 4GB RAM 128GB ROM 13MP 5000mAh - Particle Silver, 610000
LG V30 6" 4GB RAM 64GB ROM 16MP 3300mAh - Moroccan Blue, 982500
Tecno Camon 18P 6.8" 8GB RAM 128GB ROM 48MP - Dusk Gray, 900000
Samsung Galaxy S22 Ultra 5G 6.8" 8GB RAM 128GB ROM 108MP - Green, 4280000
Samsung Galaxy A04s 6.5" 4GB RAM 64GB ROM 50MP 5000mAh - Black, 615000
Oppo Reno5 5G 6.43" 8GB RAM 128GB ROM 64MP 4300mAh - Blue, 1550000
Huawei Nova Lite 3 Plus 6.21" 4GB RAM 128GB ROM 13MP - Blue, 920000
Samsung Galaxy A04 6.5" 4GB RAM 64GB ROM 50MP 5000mAh - Black, 550000
Qiyi Magic Cube 3x3x3 PLUS FREE Stand And Solution 3 By 3, 36219
Small Round Carrying Storage Bag Case For Earphone Cable white, 26900
Smart Watchs Y1 Round Display Support Nano SIM &TF Card With Whatsapp And Facebook Men Women Business Smartwatch For IOS/ Android HT, 127863
Huawei Nova 9 SE 6.78" 8GB RAM 128GB ROM 108MP 4000mAh - Black, 1200000
Android Wired Earphones Phones With Good Sound-White, 19900
One Plus Nord N10 5G - 6.49" 6GB RAM 128GB ROM 64MP - Midnight Black, 1250000
Redmi Note 11 Pro 6.67" 6GB RAM 128GB ROM 108MP 5000mAh - Polar white, 1030000
Itel P17 Pro 5.45" 2GB RAM 32GB ROM 5MP 4000mAh - Blue, 315000
Samsung Galaxy S21 FE 5G 6.2" 8GB RAM 128GB ROM 64MP - Graphite, 2300000
Infinix Note 12i 6.82" 4GB RAM 128GB ROM 50MP 5000mAh - Blue, 740000
Smart Watch Q18 Digital Wrist With Men Bluetooth Electronics Sim Card Sport Smartwatch Camera For Iphone Android Phone HT, 158292
Redmi 10C - 6.71" 4GB RAM 128GB ROM 50MP 5000mAh - Grey, 780000
Redmi Note 11 Pro+ 5G 6.67" 8GB RAM 256GB ROM 108MP - Black, 1389000
Samsung Galaxy F12 - 6.5" 4GB RAM 128GB ROM 48MP 6000mAh - Blue, 710000
Samsung Galaxy A73 5G 6.7" 8GB RAM 256GB ROM 108MP 5000mAh - Mint, 2100000
Samsung Galaxy A22 - 6.6" 4GB RAM 64GB ROM 48MP 5000mAh - Violet, 780000
Tecno Spark 9T 6.6" 4GB RAM 64GB ROM 13MP 5000mAh - Vitality Green, 568000
Samsung Galaxy A73 5G 6.7" 8GB RAM 256GB ROM 108MP 5000mAh - White, 2100000
Samsung Galaxy S22 Ultra 5G 6.8" 8GB RAM 128GB ROM 108MP - Black, 4280000
Samsung Galaxy F12 - 6.5" 4GB RAM 64GB ROM 48MP 6000mAh - Blue, 640000
Huawei Nova 8i 6.67" 6GB RAM 128GB ROM 64MP 4300mAh - Blue, 1095000
Motorola One Fusion 6.5" 4GB RAM 128GB ROM 48MP - Dark Emerald, 955000
Huawei Mate8 - 6'' 2GB RAM 32GB 16MP Nano SIM - Moonlight Silver, 1700000
Redmi 10A 6.53" 4GB RAM 128GB ROM 13MP 5000mAh - Black, 660000
Redmi 9A - 6.53" 4GB RAM 64GB ROM 13MP 5000mAh - Blue, 580000
Bluetooth Smart Watches Dz09 Smartwatch For Android Apple Phone Clock Support Facebook Whatsapp Sd Sim With Camera HT, 136996
Samsung Galaxy S22+ 5G 6.6" 8GB RAM 256GB ROM 50MP 4500mAh - Green, 3880000
Samsung Galaxy S21 FE 5G 6.2" 8GB RAM 256GB ROM 64MP - Olives, 2480000
Samsung Galaxy A03 - 6.5" 2GB RAM 32GB ROM 48MP 5000mAh - Black, 495000
Redmi 10 2022 - 6.5" 6GB RAM 128GB ROM 50MP 5000mAh - Grey, 870000
Tecno POP2 F- 5.5" 1GB RAM 16GB 8MP Camera Dual SIM - Midnight Black, 290000
One Plus 10 Pro 6.7" 12GB RAM 256GB ROM 50MP 5000mAh - Emerald Forest, 3000000
Samsung Galaxy S21 5G 6.2" 8GB RAM 128GB ROM 64MP - Phantom Gray, 2680000
Samsung Galaxy S20 FE 6.5" 8GB RAM 128GB ROM 12MP - Cloud Mint, 1750000
Le Novo HX03F Smart Watch Bluetooth 4.2 Heart Rate Monitor Support IOS And Android HT, 140619
X9 Plus Blood Oxygen Smart Wristband Heart Rate BloodPressure Monitor Smart Bracelet Smart Band Support IP67 Waterproof For IOS And Android(Blue), 171244
Samsung Galaxy S22 Ultra 5G 6.8" 12GB RAM 256GB ROM 108MP - Green, 4100000
Redmi Note 10 Pro - 6.67" 8GB RAM 128GB ROM 64MP-5020mAh - Blue, 1060000
Samsung Galaxy Z Flip3 5G 6.7" 8GB RAM 256GB ROM 12MP 3300mAh - Gold, 2990000
Samsung Galaxy S20 FE 6.5" 8GB RAM 128GB ROM 12MP - Lavender, 1750000
XIAOMI Redmi Note 10 Pro Dual SIM 6GB RAM 128GB  - Onyx Gray, 1150000
Oppo A54 - 6.51" 4GB RAM 128GB ROM 16MP 5000mAh - Black, 820000
Smart Watch GT08 Clock Sync Notifier Support Sim Card Bluetooth Connectivity Iphone Android Phone Smartwatch Watch HT, 166678
Oppo A96 - 6.59" 8GB RAM 256GB ROM 50MP 5000mAh - Pink, 1350000
Mi Poco X4 GT 6.6" 8GB RAM 256GB ROM 64MP 5080mAh -  Black, 1590000
Samsung Galaxy A22 6.4"128GB + 4GB RAM (Dual SIM) 5000mAh -Gray, 890000
Samsung Galaxy S22 5G 6.1" 8GB RAM 128GB ROM 50MP 3700mAh - Green, 2930000
Samsung Galaxy Z Fold4 7.6" 12GB RAM 512GB ROM 50MP 4400mAh - GrayGreen, 6050000
H2 Silver Waterproof Smart Watch Sport Bracelet Fitness Heart Detection Sleep, 152230
Tecno Pova Neo 6.8" 4GB RAM 64GB ROM 13MP 6000mAh - blue, 579800
One Plus Nord CE 5G 6.43" 8GB RAM 128GB ROM 64MP 4500mAh - Grey, 1348000
Samsung Galaxy M53 5G - 6.7" 8GB RAM 128GB ROM 108MP 5000mAh - Green, 1450000
Samsung Galaxy S22 Ultra 5G 6.8" 8GB RAM 128GB ROM 108MP - Burgundy, 4280000
One Plus Nord CE 5G 6.43" 8GB RAM 128GB ROM 64MP 4500mAh - Black, 1390000
Oppo A74 - 6.43" 6GB RAM 128GB ROM 48MP 5000mAh - Black, 1180000
Samsung Galaxy S21 Ultra 5G 6.8" 12GB RAM 256GB ROM 108MP - Silver, 4000000
Infinix Note 11 - 6.7" 4GB RAM 64GB ROM 50MP 5000mAh - Black, 720000
Samsung Galaxy M53 5G - 6.7" 8GB RAM 128GB ROM 108MP 5000mAh - Blue, 1450000
SmartWatch GT08 New 2.0 Version Wearables Smart Watch - Gold HT, 112997
Tecno Pova Neo 6.8" 4GB RAM 64GB ROM 13MP 6000mAh - Geek blue, 520000
Redmi Note 10 Pro Max 6.67" 6GB RAM 128GB ROM 108MP - Bronze, 1100000
Infinix Smart 6 - 6.6" 2GB RAM 32GB ROM 8MP 5000mAh - Purple, 389000
Samsung Galaxy Z Fold4 7.6" 8GB RAM 256GB ROM 50MP 4400mAh - Black, 6290000
Samsung Galaxy S21 FE 5G 6.2" 6GB RAM 128GB ROM 64MP - Lavender, 2300000
Oppo A94 - 6.43" 8GB RAM 128GB ROM 48MP - Black, 1080000
Huawei Nova 9 SE 6.78" 8GB RAM 128GB ROM 108MP 4000mAh - Blue, 1200000
Samsung Galaxy M33 -  6.6" 8GB RAM 128GB ROM 50MP 6000mAh - Brown, 1155000
Huawei Nova 9 SE 6.78" 8GB RAM 128GB ROM 108MP 4000mAh - White, 1200000
Itel A35 - 1GB RAM 16GB ROM Dual SIM 3020mAh - Black., 245990
Htc 10 -  5.2" 4GB RAM 32GB 16MP Camera - Silver., 565000
Smart Watches DZ09 For Android And IOS (Gold) HT, 107313
Original Accessories GSM Mobile Phone Pen - Red, 145000
Redmi Note 11 Pro+ 5G 6.67" 6GB RAM 128GB ROM 108MP 4500mAh - White, 1150000
Mi 12 Pro 6.73" 12GB RAM 256GB ROM 50MP 4600mAh - Black, 3400000
Samsung Galaxy F12 - 6.5" 4GB RAM 128GB ROM 48MP 6000mAh - Black, 710000
Redmi Note 10 Pro - 6.67" 6GB RAM 128GB ROM 64MP 5020mAh - Blue, 950000
Oppo A96 - 6.59" 8GB RAM 128GB ROM 50MP 5000mAh - Black, 1200000
Oppo A15s - 6.52" 4GB RAM 64GB ROM 13MP 4230mAh - Black, 740000
Itel A25 Pro 5.0" 2GB RAM 32GB ROM 5MP 3020mAh - Graduation Green, 275000
Itel S15 Dual SIM 6.1" 2GB RAM 32GB ROM 8MP - Blue, 360000
Redmi Note 11 Pro+ 5G 6.67" 6GB RAM 128GB ROM 108MP 4500mAh - Blue, 1150000
Redmi 9 Activ 6.53" 6GB RAM 128GB ROM 13MP 5000mAh - Purple, 745000
Samsung Galaxy S22 5G 6.1" 8GB RAM 128GB ROM 50MP 3700mAh - White, 2930000
One Plus 10T 6.7" 16GB RAM 256GB ROM 50MP 4800mAh - Black, 2950000
Samsung Galaxy M53 5G - 6.7" 8GB RAM 128GB ROM 108MP 5000mAh - Brown, 1450000
Vivo Y22 - 6.55" 4GB RAM 64GB ROM 50MP 5000mAh - Metarverse Green, 680000
Nothing Phone 1 6.55" 8GB RAM 256GB ROM 50MP 4500mAh - Black, 2300000
Tecno POP 6 - 6.1" 2GB RAM 32GB ROM 5MP 5000mAh - Blue, 451800
Motorola G224GBRAM/128GB ROM 5000mAh 6.5" 50MP  - Blue, 1201100
Samsung Galaxy Z Fold3 5G 7.6" 12GB RAM 256GB ROM 12MP - Black, 5100000
Mi Poco X4 GT 6.6" 8GB RAM 256GB ROM 64MP 5080mAh -  Silver, 1590000
Samsung Galaxy S22 5G 6.1" 8GB RAM 128GB ROM 50MP 3700mAh - Green, 2930000
Redmi 10A 6.53" 4GB RAM 128GB ROM 13MP 5000mAh - Blue, 660000
Infinix Note 11 - 6.7" 6GB RAM 128GB ROM 50MP 5000mAh - Celestial Snow, 765000
Samsung Galaxy M33 - 6.6" 8GB RAM 128GB ROM 50MP 6000mAh - Green, 1155000
Tecno Spark Go 2022- 6.5" 2GB RAM 32GB ROM 13MP 5000mAh - Cyan, 420000
Infinix Hot 11 - 6.6" 4GB RAM 64GB ROM 13MP 5200mAh - Green, 510000
Samsung Galaxy S22+ 5G 6.6" 8GB RAM 256GB ROM 50MP 4500mAh - Pink, 3880000
DZ09 Bluetooth Smart Watch Phone & Camera Support SIM Card For Android/iOS Phone HT, 98927
Samsung Galaxy S21 FE 5G 6.2" 8GB RAM 256GB ROM 64MP - Graphite, 2480000
Samsung Galaxy Z Fold4 7.6" 12GB RAM 256GB ROM 50MP 4400mAh - Biege, 5500000
Samsung Adaptive Charger Fast Quick Charging USB Travel Wall Adapter 9.0V 1.67A 5.0V 2.0A for Samsung Galaxy S6 Note4 - White, 38000
Smart Wrist Watch Bluetooth Waterproof GSM Phone For Android IPhone Fashion/Smart Watch HT, 100463
One Plus 10 Pro 6.7" 8GB RAM 128GB ROM 50MP 5000mAh - Panda White, 2800000
Oppo A94 - 6.43" 8GB RAM 128GB ROM 48MP - Black, 1120000
WIFI Wireless Signal Flex Cable Line For Samsung NOTE3, 29900
GSM Mobile Phone Pen - Black, 182000
Samsung Galaxy Z Flip3 5G 6.7" 8GB RAM 128GB ROM 12MP - Grey, 2810000
Oppo A96 - 6.59" 8GB RAM 128GB ROM 50MP 5000mAh - Pink, 1200000
Redmi Note 11T 5G 6.6" 8G RAM 128GB ROM 50MP 5000mAh - Blue, 1050000
Redmi 9 Activ 6.53" 6GB RAM 128GB ROM 13MP 5000mAh - Black, 745000
Mi Poco M4 Pro 5G 6.6" 4GB RAM 64GB ROM 50MP 5000mAh - Black, 950000
Oppo Reno5 5G 6.43" 8GB RAM 128GB ROM 64MP 4300mAh - Black, 1550000
Samsung Galaxy Z Flip4 6.7" 8GB RAM 256GB ROM 12MP 3700mAh - Blue, 3900000
One Plus 10 Pro 6.7" 8GB RAM 256GB ROM 50MP 5000mAh - Black, 2800000
One Plus 9R - 6.55" 12GB RAM 256GB ROM 48MP 4500mAh - Blue, 1900000
Motorola Edge 32s XT2229-3 4GB Ram 64GB Rom 6.5'' - Slate Grey, 800000
Samsung Galaxy A53 5G 6.5" 6GB RAM 128GB ROM 48MP 5000mAh - Blue, 1430000
Samsung Galaxy S22+ 5G 6.6" 8GB RAM 128GB ROM 50MP 4500mAh - Green, 3690000
Huawei Y9A 6.63" 8GB RAM 128GB ROM 64MP 4300mAh - Pink, 1050000
Smart Watch DZ09 With Bluetooth Support SIM Card Connectivity IPhone Android Phone (Gold) **FREE Screen Protector & Battery** HT, 126327
2017 Hot Gt08 Bluetooth Smart Watch Sync Notifier Clock Connectivity Android Phone Smartwatch Support Sim Tf Card Pk Dz09 Q18 HT, 157545
Samsung Galaxy Z Fold4 7.6" 8GB RAM 256GB ROM 50MP 4400mAh - GrayGreen, 6290000
Tecno POP2 F- 5.5" 1GB RAM 16GB 5MP Camera Dual SIM - Gold, 295000
One Plus 9 Pro 6.7" 8GB RAM 256GB ROM 50MP 4500mAh - Blue, 2895000
Mi 11X 5G 6.67" 6GB RAM 128GB ROM 48MP 4520mAh - Black, 1400000
Samsung Galaxy Z Flip4 6.7" 8GB RAM 128GB ROM 12MP 3700mAh - Graphite, 3600000
Mi Poco M4 Pro 5G 6.6" 4GB RAM 64GB ROM 50MP 5000mAh - Blue, 950000
One Plus Nord 2T 6.43" 8GB RAM 128GB ROM 50MP 4500mAh - Grey Shadow, 1820000
Tecno POP2 F- 5.5" 1GB RAM 16GB 8MP Camera Dual SIM - champagne gold, 350000
Transparent Waterproof Sealed Dry Bag With Arm Band For mobile phone black, 31900
Oppo A96 - 6.59" 8GB RAM 128GB ROM 50MP 5000mAh - Blue, 1200000
Redmi Note 11 Pro 6.67" 8GB RAM 128GB ROM 108MP 5000mAh - Blue, 1050000
DZ09 Bluetooth Smart Watch Wristwatch With Camera Sync To Android IOS Smart Phone Sim Card Function Camera Memory Card Function (Gold) HT, 104200
Samsung Galaxy Z Flip3 5G 6.7" 8GB RAM 128GB ROM 12MP 3300mAh - Gold, 2810000
One Plus 10 Pro 6.7" 12GB RAM 256GB ROM 50MP 5000mAh - Panda White, 2900000
Samsung Galaxy Z Flip3 5G 6.7" 8GB RAM 128GB ROM 12MP - Black, 2810000
Samsung Galaxy A42  6.6" 8GB RAM 128GB ROM 48MP - Prism Dot Grey, 1550000
Transparent Waterproof Sealed Dry Bag With Arm Band For mobile phone black, 31900
One Plus Nord CE 2 Lite 5G 6.59" 8GB RAM 128GB ROM 64MP 5000mAh - Blue, 1250000
Mi 10i 5G 6.67" 6GB RAM 128GB ROM 108MP 4820mAh - Sunrise, 1250000
Vivo Y21 - 6.51" 4GB RAM 64GB ROM 13MP 5000mAh - Diamond Glow, 680000
One Plus 9R - 6.55" 8GB RAM 128GB ROM 48MP 4500mAh - Green, 1890000
Infinix Hot 12 Play 6.82'' 4GB RAM 128GB ROM 13MP 5000mAh - Gold, 640900
Samsung Galaxy Z Flip3 5G 6.7" 8GB RAM 256GB ROM 12MP - Black, 2990000
DB10 Wristband Heart Rate Monitor Smart Watch IP68 Water Proof Swimming GPS Fitness Tracker For Android And IOS Phone HT, 236712
Tecno Spark 9T 6.6" 4GB RAM 64GB ROM 13MP 5000mAh - Quantum Black, 568000
One Plus 10 Pro 6.7" 8GB RAM 256GB ROM 50MP 5000mAh - Panda White, 2800000
F1 Waterproof IP67 Bluetooth 4.0 Health Sport Fitness Smart Watch Wristband Android IOS With Heart Rate Blood Pressure And Oxygen, 147664
Samsung Galaxy Z Fold3 5G 7.6" 12GB RAM 256GB ROM 12MP - Green, 5100000
Samsung Galaxy Z Fold3 5G 7.6" 12GB RAM 256GB ROM 12MP - Silver, 5100000
One Plus 10T 6.7" 8GB RAM 128GB ROM 50MP 4800mAh - Black, 2800000
Samsung Galaxy Z Flip4 6.7" 8GB RAM 128GB ROM 12MP 3700mAh - Blue, 3600000
Samsung Galaxy A53 5G 6.5" 8GB RAM 128GB ROM 64MP - Black, 1480000
Mi Poco M4 Pro 5G 6.6" 4GB RAM 64GB ROM 50MP 5000mAh - Yellow, 950000
3 In1 Mobile Phone Camera Lens Kit Fish Eye Lens Super Wide Angle Lens With Black Universal Phone Clip, 133524
One Plus 9R - 6.55" 8GB RAM 256GB ROM 48MP 4500mAh - Blue, 1890000
Vivo Y15s - 6.51" 3GB RAM 32GB ROM 13MP 5000mAh - Wave Green, 540000
Huawei Nova 8i 6.67" 6GB RAM 128GB ROM 64MP 4300mAh - Silver, 1095000
Bluetooth Smart Watch Sport Tracke Phone Mate Screen For IOS Android For IPhone, 157545
Oppo Reno6 5G 6.43" 8GB RAM 128GB ROM 64MP 4300mAh - Blue, 1850000
One Plus 9 Pro 6.7" 12GB RAM 256GB ROM 50MP 4500mAh - Blue, 2950000
One Plus 10T 6.7" 16GB RAM 256GB ROM 50MP 4800mAh - Green, 2950000
P2 Wristband Smart Watch Heart Rate Blood Pressure Monitor Smart Band Bluetooth IP67 Water Proof Sports Bracelet For Android And IOS HT, 168214
Mi 11X 5G 6.67" 6GB RAM 128GB ROM 48MP 4520mAh - Black, 1400000
One Plus 10 Pro 6.7" 8GB RAM 256GB ROM 50MP 5000mAh - Emerald Forest, 2800000
One Plus 9 Pro 6.7" 8GB RAM 256GB ROM 50MP 4500mAh - Black, 2895000
Smart Watch Kids Waterproof Watch With Camera SOS Call Location DevicerTracker Anti-Lost Monitor HT, 125579
One Plus 9R - 6.55" 8GB RAM 256GB ROM 48MP 4500mAh - Blue, 1890000
One Plus 10 Pro 6.7" 8GB RAM 128GB ROM 50MP 5000mAh - Emerald Forest, 2800000
Samsung Galaxy S22 5G 6.1" 8GB RAM 256GB ROM 50MP 3700mAh - Green, 3030000
Newest Smart Watch GT08 Clock Sync Notifier Support Sim Card  Smartwatch Watch, 120681
Mi Poco M4 Pro 5G 6.6" 6GB RAM 128GB ROM 50MP 5000mAh - Yellow, 1150000
Mi 11 Ultra 6.81" 12GB RAM 256GB ROM 50MP 5000mAh - White, 3490000
Mi 11 Ultra 6.81" 12GB RAM 256GB ROM 50MP 5000mAh - Black, 3490000
Android Original Children Smart Watch- Green, 210000
Tecno POP 2F( B1F) 5.5" 1GB RAM 16GB ROM 8MP - Black, 280000
Mi 10i 5G 6.67" 6GB RAM 128GB ROM 108MP 4820mAh - Grey, 1245000
One Plus 9 Pro 6.7" 12GB RAM 256GB ROM 50MP 4500mAh - Black, 2950000
3.5mm Mini Bluetooth Receiver Stereo Audio Output Car Kit Wireless Handsfree Adapter. For Car Phone. And Other Smartphone, 114910
DZ09 SmartWatch New 2.0 Version Wearables Smart Watch - Gold HT, 108060
One Plus 9R - 6.55" 12GB RAM 256GB ROM 48MP 4500mAh - Green, 1900000
One Plus Nord CE 5G 6.43" 8GB RAM 128GB ROM 64MP 4500mAh - Grey, 1480000
Newest Smart Watch GT08 Clock Sync Notifier Support Sim Card Bluetooth Connectivity Iphone Android Phone Smartwatch Watch HT, 166678
Dz09 Smart Watch With Camera Bluetooth Wristwatch Sim Card Smartwatch For Android Phones Support Multi Languages HT, 130145
Y1 Smart Watch Round Support Nano Sim &tf Card With Bluetooth 3.0 Men Women Business Smartwatch For Android&ios Android HT, 158292
Mi 11X 5G 6.67" 8GB RAM 128GB ROM 48MP 4520mAh - Blue, 1500000
Samsung Galaxy A22 5G 6.6" 6GB RAM 128GB ROM 48MP 5000mAh - Violet, 890000
One Plus 8T Plus 5G 6.55" 12GB RAM 256GB ROM 48MP 4500mAh - Silver, 1940000
Mi 11 Lite 6.55" 5G 8GB RAM 128GB ROM 64MP 4250mAh - Blue, 1400000
1.8 '' 2800mAh Torch Big Speaker Big Screen Mobile Phones Long Stand-by Black, 132900
U8 Smart Watch Call Message Reminder Sleep Monitor For Android - Black HT, 84480
Mi 11X 5G 6.67" 6GB RAM 128GB ROM 48MP 4520mAh - Blue, 1400000
One Plus 9 Pro 6.7" 8GB RAM 128GB ROM 50MP 4500mAh - Blue, 2570000
Redmi Note 10 5G 6.43"4GB RAM 128GB ROM 48MP - Graphite Gray, 820000
Tecno POP2 F- 5.5" 1GB RAM 16GB 5MP Camera Dual SIM - Blue, 270000
One Plus 9 - 6.55" 5G 8GB RAM 128GB ROM 50MP 4500mAh - Black, 2180000
One Plus Ace Pro 5G 6.7" 16GB RAM 256GB ROM 50MP 4800mAh - Green, 2850000
Samsung Galaxy S22+ 5G 6.6" 8GB RAM 128GB ROM 50MP 4500mAh - Black, 3690000
Qiyi Magic Cube 3x3x3 PLUS FREE Stand And Solution 3 By 3, 36219
One Plus 9R - 6.55" 8GB RAM 128GB ROM 48MP 4500mAh - Blue, 1890000
Tecno Pop 2F- 5.5" 16GB ROM 1GB RAM 8MP - Black, 280000
F5 Wristband Heart Rate Monitor Smart Watch GPS Trajectory Tracker Outdoor Sports Waterproof For Android And IOS Phone HT, 262894
3G/WIFI Android Smart Watch With GPS HT, 453622
One Plus 9RT 5G 6.62" 12GB RAM 256GB ROM 50MP 4500mAh - Black, 2100000
A9 Bluetooth Smartwatch For Iphone And Android Heart Rate Monitor Smart Watches IP67 Waterproof For Android IOS (Gold) HT, 268678
One Plus 9 - 6.55" 5G 12GB RAM 256GB ROM 50MP 4500mAh - Blue, 2250000
One Plus Nord 2T 6.43" 8GB RAM 128GB ROM 50MP 4500mAh - Jade Fog, 1820000
Samsung Galaxy Z Flip3 5G 6.7" 8GB RAM 256GB ROM 12MP - Grey, 2990000
One Plus 9 - 6.55" 5G 12GB RAM 256GB ROM 50MP 4500mAh - Black, 2220000
For Mobile Phone Smart Convenient Sport S3 Bracelet Blood Pressure Tracker, 162859
Q18 Smart Watch With Touch Screen Camera Support SIM TF Card Bluetooth Smartwatch For Android IOS Phone HT, 106565
WIFI Wireless Signal Flex Cable Line For Samsung NOTE3, 29900
QW09 Android 4.4 Smart Watch 3G WIFI Bluetooth 4.0 MTK6572 Dual Core 512MB RAM 4GB ROM Pedometer SmartWatch HT, 217657
One Plus 9 Pro 6.7" 8GB RAM 128GB ROM 50MP 4500mAh - Black, 2570000
One Plus 10 Pro 6.7" 8GB RAM 128GB ROM 50MP 5000mAh - Black, 2800000
Smart Watch GT08 Clock Sync Notifier Support Sim Card Bluetooth Connectivity Iphone Android Phone Smartwatch Watch HT, 166678
Redmi 10 - 6.5" 4GB RAM 128GB ROM 50MP 5000mAh -  Grey, 840000
One Plus 9 - 6.55" 5G 8GB RAM 128GB ROM 50MP 4500mAh - Black, 2180000
Wristop Smart Watch With Calling Function Pink, 198000
Cell Phone Tablet Stand Angle Angle Adjustable Desk Thick, 16460
Mi 11 Lite 6.55" 5G 6GB RAM 128GB ROM 64MP 4250mAh - Black, 1100000
4G Netcom Smart Watch Phone Q1 Pro Android 6.0GPS WiF Video Call HT, 481021
Mi 11X 5G 6.67" 8GB RAM 128GB ROM 48MP 4520mAh - White, 1500000
Smart Bluetooth A1 Smart Watch With Sport Pedometer Camera SIM Micro SD Memory Connectivity With IPhone Android Phone MG0053 (Black/Silver) HT, 105030
XR05 Sports Health Smart Watch Waterproof UV Monitor Pedometer Altitude Bluetooth 4.0 For IOS And Android HT, 120265
Mi 11 Lite 5G NE 6.55" 6GB RAM 128GB ROM 64MP 4250mAh - Coral, 1100000
Mi 11 Lite 6.55" 5G 8GB RAM 128GB ROM 64MP 4250mAh - Jazz Blue, 1400000
A96 Wristband Bluetooth Hands-free Calls Smart Watch GPS Moving Trail Fitness Tracker For Android And IOS Phone HT, 200927
For Mobile Phone Smart Convenient Sport S3 Bracelet Blood Pressure Tracker, 164487
Smart Watch Kids Waterproof Watch With Camera SOS Call Location DevicerTracker Anti-Lost Monitor HT, 126834
Original Accessories GSM Mobile Phone Pen - Silver, 148000
A98 Wristband Heart Rate Monitor Smart Watch Blood Pressure Blood Oxygen Monitor Bluetooth Fitness Tracker Smartband For IOS And Android HT, 162111
Samsung Galaxy S22 5G 6.1" 8GB RAM 256GB ROM 50MP 3700mAh - Gold, 3030000
Smart Watch Full Touch Screen Watch-For Android & IOS., 22096
Mi 10i 5G 6.67" 6GB RAM 128GB ROM 108MP 4820mAh - Blue, 1245000
LCD Display + Touch Screen Digitizer Replacement Part + Tools For ASUS Zenfone 6, 136900
Synthetic Leather Silicone Patchwork Card Slot Soft Case Cover, 81450
Bluetooth Smart Watch X6 Sport Passometer Smartwatch For Android IOS PhoneBlack HT, 130145
Mi 11 Lite 6.55" 5G 8GB RAM 128GB ROM 64MP 4250mAh - Peach Pink, 1400000
G6 Sport Smart Watch Bluetooth 4.0 Call Tracker Running Heart Rate Monitor For Android And Ios HT, 185692
Small Round Carrying Storage Bag Case For Earphone Cable white, 26900
EX16 Sport Smart Watch 24-hour Remote Monitoring Of Real-time Sport Camera SmartBand Bluetooth Fitness Tracker Bracelet For Android And IOS HT, 113415
Supermall Swimming Sport Smart Watch IP68 Waterproof Fitness Activity Tracker Monitor Heart Rate Monitor Wristwatch HT, 373606
Bluetooth Smart Watch SIM Phone Mate Smartwatch Pedometer Camera Large Memory HT, 100326
Smart Wristwatch Bluetooth Men Watch Smart Sport Pedometer Fitness Tracker Heart Rate Clock For Android IOS Phone HT, 230609
DZ09 SmartWatch New 2.0 Version Wearables Smart Watch - Gold HT, 113415
F26 Smart Watch With Camera Bluetooth Bracelet Pedometer Fitness Tracker Support SIM TF Sports Wristwatch For Android Phone HT, 134712
Mi 10 Lite 5G 6.57" 6GB RAM 128GB ROM 48MP 4160mAh - Gray, 1180000
W808S Smart Watch Monitor Fitness Tracker Heart Rate Bracelet(Black), 134154
Smart watch Outdoor Sports Pedometer Heart Rate, 15690
Smart Watch A1 Clock Sync Notifier Smartwatch Support SIM Card MP3 Pedometer Fitness Tracked For Android IOS HT, 143845
LCD Display + Touch Screen Digitizer Replacement Part + Tools For ASUS Zenfone 6, 136900
Fitness Tracker Smart Band N68 Smart Bracelet Activity Tracker Fitness Watch With Heart Rate Monitor Waterproof Smart Bracelet For IOS Android, 169708
Smart KW18 Sport Smart Watch Heart Rate IPS Full Screen Bluetooth Smartwatch Fitness Tracker For IOS Android SM0112 (Silver) HT, 271708
Transparent Waterproof Sealed Dry Bag With Arm Band For mobile phone orange, 31900
Smart Watch A1 Clock Sync Notifier Support Sim Tf Card Connectivity For Android Ios Smartwatch Pk Dz09 Gv18 Gt08 HT, 137203
Selfie Stick - Black, 28000
G6 Sport Smart Watch Bluetooth 4.0 Call Tracker Running Heart Rate Monitor For Android And Ios HT, 185692
Newest GPS 1.26Inch Watch Phone Sports Smart Watch Smart Watch HT, 472636
D8 Smart Wristwatch Bluetooth Men Watch Smart Sport Pedometer Fitness Tracker Heart Rate Clock For Android IOS Phone HT, 230609
Smart Watch GT08 Clock Sync Notifier Support Sim Card Bluetooth Connectivity Iphone Android Phone Smartwatch Watch HT, 155262
Small Round Carrying Storage Bag Case For Earphone Cable white, 26900
Mi 10 Lite 5G 6.57" 6GB RAM 128GB ROM 48MP 4160mAh - Blue, 1180000
2018 Bluetooth Smart Watch Phone+Camera SIM Card For Android IOS Phones HT, 104282
Touch Screen Digitizer +LCD Display For Sony Ericsson Xperia Arc LT15i LT18i X12, 119900
A1 Wristwatch Bluetooth Smart Watch Fitness Pedometer Wear Sim Camera Smartwatch For Android Phone Facebook Whatsapp HT, 155262
KZ Portable Storage Square Bag For Earphone Cable, 26900
WIFI Wireless Signal Flex Cable Line For Samsung NOTE3, 29900
One Plus 8T Plus 5G 6.55" 12GB RAM 256GB ROM 48MP 4500mAh - Black, 1940000
Redmi 10 - 6.5" 6GB RAM 128GB ROM 50MP 5000mAh - Grey, 890000
Bluetooth U8 Anti-lost Smart Wrist Watch Sleep Monitor For Android Phone HT, 119917
Black LCD Display Touch Screen Digitizer For Sony Xperia T2 Ultra D5303 D5306, 144900
GSM Mobile Phone Pen - Black, 175000
KZ Portable Storage Square Bag For Earphone Cable, 26900
A Set Of 4 M16 GPS+WIFI Voice Micro Chat Heart Rate Blood Pressure SOS Alarm And Location Phone Smart Watch For Parents HT, 220729
X6 Curved Screen Smart Phone Watch Support Bluetooth 3.0 And SIM Card Dual Mode Remote Camera Sleep Monitoring And Other Multi-function Watches Support All Android Phones And Ios Phones HT, 108849
Smart Watch GT08 Clock Sync Notifier Support Sim Card Bluetooth Connectivity Iphone Android Phone Smartwatch Watch HT, 155262
LCD Digitizer Touch Screen Display Frame + Tools For Asus Google Nexus 7 1st Gen, 214900
Bluetooth Smart Watch A1 Pedometer Sleep Monitor Sedentary Notifier Sms Call Reminder Clock Touch Screen Smartwatch, 183408
New Q3 Smartwatch Men Women Dynamic Blood Oxygen Pressure Pedometer Heart Rate Sleep APP Custom Dial Smart Watch Men HT, 148084
Smart Watch GT08 Clock Sync Notifier Support Sim Card Bluetooth Connectivity Iphone Android Phone Smartwatch Watch HT, 155262
Smart Watch DZ09 Support SIM TF Cards For Android IOS Phone Children Camera Women Bluetooth Watch With Retail Box HT, 113415
